
INSERT INTO devis_etats VALUES
    ('',''),
    ('Ó relancer', '#FFFF00'),
    ('Dossier validÚ/ Travaux en cours', '#999999'),
    ('refusÚ par la mutuelle ', '#FF9900'),
    ('refusÚ par le patient ou remplacÚ par le praticien', '#FF0000'),
    ('dossier validÚ', '#00FFFF'),
    ('dossier C2S', '#4A86E8'),
    ('a voir avec Faten anomalie', '#9900FF'),
    ('dossier cloturÚ', '#34A853'),
    ('devis Ó refaire', '#EA9999'),
    ('Devis implant', '#FF00FF');

INSERT INTO praticiens(praticien) VALUES
    ('RL'),
    ('KC');

INSERT INTO dossiers (dossier, nom, date_naissance, status, mutuelle, created_at, updated_at) VALUES
('D001', 'Jean Dupont', '1985-06-15', 'C2S', 'Mutuelle A', '2020-05-23 14:32:12', NOW()),
('D002', 'Marie Martin', '1990-03-22', 'ALD', 'Mutuelle B', '2019-11-15 09:02:45', NOW()),
('D003', 'Pierre Lemoine', '1978-11-10', 'CM24', 'Mutuelle C', '2023-07-14 17:22:31', NOW()),
('D004', 'Lucie Bernard', '2001-09-30', 'REGIME DE BASE', 'Mutuelle D', '2021-03-01 08:51:17', NOW()),
('D005', 'Paul Lefevre', '1995-12-05', 'AME', 'Mutuelle E', '2017-08-19 19:34:03', NOW()),
('D006', 'Emilie Lefevre', '1987-07-25', 'BDD', 'Mutuelle F', '2020-12-12 12:45:20', NOW()),
('D007', 'Thierry Lemoine', '1982-02-11', 'C2S', 'Mutuelle G', '2019-04-25 21:13:45', NOW()),
('D008', 'Julie Pires', '1992-08-17', 'ALD', 'Mutuelle H', '2024-01-05 05:45:39', NOW()),
('D009', 'Antoine Lefevre', '1975-04-07', 'CM24', 'Mutuelle I', '2018-10-03 15:30:25', NOW()),
('D010', 'Nathalie Laurent', '1998-01-19', 'REGIME DE BASE', 'Mutuelle J', '2022-02-09 10:22:09', NOW()),
('D011', 'David Bernard', '1983-03-14', 'AME', 'Mutuelle K', '2020-08-02 18:01:14', NOW()),
('D012', 'Sophie Lefevre', '1996-05-02', 'BDD', 'Mutuelle L', '2023-11-19 16:24:53', NOW()),
('D013', 'Claude Dupuis', '1979-10-21', 'C2S', 'Mutuelle M', '2021-09-13 13:58:07', NOW()),
('D014', 'Elise Leroux', '1989-12-13', 'ALD', 'Mutuelle N', '2020-11-08 07:20:35', NOW()),
('D015', 'Michel Denis', '1980-06-29', 'CM24', 'Mutuelle O', '2019-06-04 22:11:17', NOW()),
('D016', 'Veronique Paris', '1972-02-08', 'REGIME DE BASE', 'Mutuelle P', '2018-03-26 09:44:09', NOW()),
('D017', 'Bernard Robert', '1984-09-05', 'AME', 'Mutuelle Q', '2023-05-10 20:03:45', NOW()),
('D018', 'Isabelle Dufresne', '1993-11-19', 'BDD', 'Mutuelle R', '2024-02-13 14:57:50', NOW()),
('D019', 'Jacques Lefevre', '1981-01-23', 'C2S', 'Mutuelle S', '2021-05-08 03:15:36', NOW()),
('D020', 'Celine Lemoine', '1988-07-30', 'ALD', 'Mutuelle T', '2022-10-29 06:42:55', NOW()),
('D021', 'Alain Caron', '1999-04-17', 'CM24', 'Mutuelle U', '2020-01-12 12:33:10', NOW()),
('D022', 'Laurence Martin', '1991-05-15', 'REGIME DE BASE', 'Mutuelle V', '2023-07-03 17:05:18', NOW()),
('D023', 'Michel Dupont', '1976-10-09', 'AME', 'Mutuelle W', '2022-12-19 01:00:47', NOW()),
('D024', 'Lucie Lefevre', '1986-12-30', 'BDD', 'Mutuelle X', '2018-09-14 05:21:36', NOW()),
('D025', 'Frederic Roux', '1994-03-19', 'C2S', 'Mutuelle Y', '2024-01-26 22:14:52', NOW()),
('D026', 'Helene Pires', '2000-02-04', 'ALD', 'Mutuelle Z', '2022-06-07 18:05:02', NOW()),
('D027', 'Christian Bernard', '1973-08-25', 'CM24', 'Mutuelle A', '2019-11-05 04:34:28', NOW()),
('D028', 'Philippe Lemoine', '1980-11-17', 'REGIME DE BASE', 'Mutuelle B', '2023-09-18 21:26:50', NOW()),
('D029', 'Martine Lefevre', '1995-10-03', 'AME', 'Mutuelle C', '2021-02-23 13:04:47', NOW()),
('D030', 'Jeanette Dupont', '1987-04-06', 'BDD', 'Mutuelle D', '2020-01-07 16:02:13', NOW()),
('D031', 'Robert Paris', '1975-07-29', 'C2S', 'Mutuelle E', '2021-11-11 20:55:12', NOW()),
('D032', 'Marie Lefevre', '1989-06-16', 'ALD', 'Mutuelle F', '2024-01-12 02:42:45', NOW()),
('D033', 'Albert Roux', '1983-03-01', 'CM24', 'Mutuelle G', '2022-03-14 19:37:13', NOW()),
('D034', 'Brigitte Denis', '1997-01-05', 'REGIME DE BASE', 'Mutuelle H', '2019-07-29 04:10:28', NOW()),
('D035', 'Aline Dufresne', '1974-09-14', 'AME', 'Mutuelle I', '2023-01-05 14:44:10', NOW()),
('D036', 'Gerard Lefevre', '1980-05-09', 'BDD', 'Mutuelle J', '2024-05-17 18:50:50', NOW()),
('D037', 'Monique Caron', '1992-06-12', 'C2S', 'Mutuelle K', '2023-11-08 22:07:17', NOW()),
('D038', 'Jacques Roux', '1984-10-29', 'ALD', 'Mutuelle L', '2021-06-14 11:50:56', NOW()),
('D039', 'Nicolas Bernard', '1999-03-25', 'CM24', 'Mutuelle M', '2017-04-30 08:12:31', NOW()),
('D040', 'Caroline Lemoine', '1988-08-14', 'REGIME DE BASE', 'Mutuelle N', '2022-07-23 16:42:07', NOW()),
('D041', 'Benoit Lefevre', '1991-01-13', 'AME', 'Mutuelle O', '2022-02-25 08:11:50', NOW()),
('D042', 'Catherine Dupont', '1979-05-07', 'BDD', 'Mutuelle P', '2021-10-11 14:56:45', NOW()),
('D043', 'Denise Paris', '1995-02-17', 'C2S', 'Mutuelle Q', '2023-08-09 22:47:03', NOW()),
('D044', 'Patrick Dupuis', '1985-03-12', 'ALD', 'Mutuelle R', '2020-07-30 09:12:57', NOW()),
('D045', 'Emmanuelle Lemoine', '1978-09-26', 'CM24', 'Mutuelle S', '2023-01-16 17:03:22', NOW()),
('D046', 'Sebastien Lefevre', '1992-07-23', 'REGIME DE BASE', 'Mutuelle T', '2021-02-07 04:47:38', NOW()),
('D047', 'Sylvie Roux', '1981-11-08', 'AME', 'Mutuelle U', '2024-02-02 16:28:53', NOW()),
('D048', 'Claude Denis', '1993-10-04', 'BDD', 'Mutuelle V', '2022-11-13 13:17:28', NOW()),
('D049', 'Jacqueline Lemoine', '1990-01-20', 'C2S', 'Mutuelle W', '2019-09-06 01:55:02', NOW()),
('D050', 'Bruno Lefevre', '1987-02-15', 'ALD', 'Mutuelle X', '2021-04-18 20:30:41', NOW()),
('D051', 'Francois Bernard', '1980-11-30', 'CM24', 'Mutuelle Y', '2023-10-04 08:12:29', NOW()),
('D052', 'Monique Caron', '1995-12-06', 'REGIME DE BASE', 'Mutuelle Z', '2021-12-22 23:11:53', NOW()),
('D053', 'Georges Lefevre', '1988-04-11', 'AME', 'Mutuelle A', '2024-01-19 10:55:13', NOW()),
('D054', 'Michele Roux', '1991-09-02', 'BDD', 'Mutuelle B', '2022-07-12 15:17:05', NOW()),
('D055', 'Bernadette Dupont', '1979-05-18', 'C2S', 'Mutuelle C', '2023-03-06 09:43:59', NOW()),
('D056', 'Claude Lefevre', '1983-07-07', 'ALD', 'Mutuelle D', '2019-02-16 19:09:25', NOW()),
('D057', 'Dominique Lemoine', '1976-11-21', 'CM24', 'Mutuelle E', '2022-09-13 13:42:02', NOW()),
('D058', 'Gabriel Lefevre', '1988-03-04', 'REGIME DE BASE', 'Mutuelle F', '2021-10-26 22:02:17', NOW()),
('D059', 'Alice Dupont', '1994-02-16', 'AME', 'Mutuelle G', '2023-05-05 11:34:06', NOW()),
('D060', 'Jacqueline Martin', '1990-06-05', 'BDD', 'Mutuelle H', '2020-08-14 06:18:39', NOW()),
('D061', 'Pierre Lefevre', '1977-09-12', 'C2S', 'Mutuelle I', '2021-07-10 17:58:55', NOW()),
('D062', 'Florence Caron', '1989-10-24', 'ALD', 'Mutuelle J', '2022-05-18 20:15:42', NOW()),
('D063', 'Philippe Roux', '1982-01-09', 'CM24', 'Mutuelle K', '2024-03-17 12:37:22', NOW()),
('D064', 'David Dupuis', '1995-08-11', 'REGIME DE BASE', 'Mutuelle L', '2020-02-20 09:12:05', NOW()),
('D065', 'Simone Bernard', '1996-12-01', 'AME', 'Mutuelle M', '2023-04-28 23:50:30', NOW()),
('D066', 'Isabelle Dupont', '1973-03-18', 'BDD', 'Mutuelle N', '2022-01-10 13:56:47', NOW()),
('D067', 'Michel Martin', '1980-04-27', 'C2S', 'Mutuelle O', '2024-06-06 08:32:25', NOW()),
('D068', 'Henri Lefevre', '1999-05-06', 'ALD', 'Mutuelle P', '2019-03-22 16:40:58', NOW()),
('D069', 'Marie-Pierre Roux', '1992-10-17', 'CM24', 'Mutuelle Q', '2021-08-11 14:04:59', NOW()),
('D070', 'Brigitte Lefevre', '1983-07-15', 'REGIME DE BASE', 'Mutuelle R', '2020-09-01 17:33:21', NOW()),
('D071', 'Louis Bernard', '1985-09-19', 'AME', 'Mutuelle S', '2024-02-09 21:24:58', NOW()),
('D072', 'Valerie Dupont', '1991-11-03', 'BDD', 'Mutuelle T', '2021-06-14 19:43:37', NOW()),
('D073', 'Francoise Lefevre', '1994-06-14', 'C2S', 'Mutuelle U', '2023-01-19 13:37:04', NOW()),
('D074', 'Hubert Lefevre', '1982-12-12', 'ALD', 'Mutuelle V', '2020-11-29 11:18:09', NOW()),
('D075', 'Geraldine Paris', '1997-04-23', 'CM24', 'Mutuelle W', '2022-05-10 17:45:34', NOW()),
('D076', 'Marc Lefevre', '1980-01-28', 'REGIME DE BASE', 'Mutuelle X', '2019-06-03 04:30:12', NOW()),
('D077', 'Sophie Roux', '1991-05-10', 'AME', 'Mutuelle Y', '2024-07-19 16:05:24', NOW()),
('D078', 'Jean-Michel Bernard', '1988-02-22', 'BDD', 'Mutuelle Z', '2022-12-30 14:11:45', NOW()),
('D079', 'Michel Lefevre', '1995-08-04', 'C2S', 'Mutuelle A', '2021-03-21 22:55:07', NOW()),
('D080', 'Florence Dupuis', '1989-10-02', 'ALD', 'Mutuelle B', '2020-05-15 18:40:52', NOW()),
('D081', 'Bruno Caron', '1974-11-05', 'CM24', 'Mutuelle C', '2021-04-22 20:22:10', NOW()),
('D082', 'Lucie Bernard', '1987-07-08', 'REGIME DE BASE', 'Mutuelle D', '2023-12-04 03:11:38', NOW()),
('D083', 'André Lefevre', '1982-04-18', 'AME', 'Mutuelle E', '2022-10-17 14:07:25', NOW()),
('D084', 'Marc Roux', '1990-12-20', 'BDD', 'Mutuelle F', '2020-02-27 05:12:33', NOW()),
('D085', 'Antoine Lefevre', '1997-06-23', 'C2S', 'Mutuelle G', '2023-06-12 10:53:39', NOW()),
('D086', 'Monique Dupont', '1980-01-15', 'ALD', 'Mutuelle H', '2024-04-08 15:19:16', NOW()),
('D087', 'Catherine Lefevre', '1992-11-09', 'CM24', 'Mutuelle I', '2022-04-13 12:45:59', NOW()),
('D088', 'Genevieve Bernard', '1988-09-30', 'REGIME DE BASE', 'Mutuelle J', '2023-09-07 18:39:33', NOW()),
('D089', 'Louis Roux', '1973-02-04', 'AME', 'Mutuelle K', '2021-05-01 07:53:40', NOW()),
('D090', 'Gabrielle Lefevre', '1994-12-03', 'BDD', 'Mutuelle L', '2020-10-20 23:02:11', NOW()),
('D091', 'Robert Lefevre', '1986-05-01', 'C2S', 'Mutuelle M', '2023-02-13 06:50:38', NOW()),
('D092', 'Emilie Paris', '1992-02-15', 'ALD', 'Mutuelle N', '2021-08-01 08:43:17', NOW()),
('D093', 'Marc Lefevre', '1989-08-19', 'CM24', 'Mutuelle O', '2020-03-27 19:25:50', NOW()),
('D094', 'Julien Lefevre', '1993-07-08', 'REGIME DE BASE', 'Mutuelle P', '2023-04-17 15:30:59', NOW()),
('D095', 'Francine Bernard', '1990-11-13', 'AME', 'Mutuelle Q', '2021-09-25 11:07:33', NOW()),
('D096', 'Daniel Lefevre', '1996-04-06', 'BDD', 'Mutuelle R', '2020-10-05 09:38:10', NOW()),
('D097', 'Corinne Roux', '1997-03-10', 'C2S', 'Mutuelle S', '2023-02-23 14:03:22', NOW()),
('D098', 'Bastien Lefevre', '1984-06-14', 'ALD', 'Mutuelle T', '2022-11-11 06:41:47', NOW()),
('D099', 'Julien Caron', '1981-08-22', 'CM24', 'Mutuelle U', '2023-08-29 17:59:09', NOW()),
('D100', 'Caroline Lefevre', '1994-01-30', 'REGIME DE BASE', 'Mutuelle V', '2024-01-04 10:51:30', NOW());


UPDATE devis SET devis_signe='non' WHERE devis_signe = 'Oui' OR devis_signe = 'Non';

INSERT INTO devis (dossier, status, mutuelle, date, montant, devis_signe, praticien, observation, id_devis_etat, created_at, updated_at)
VALUES
    ('D001', 'C2S', 'Mutuelle A', '2019-03-22', 1000.00, 'oui', 'RL', 'Observation 1', 1, '2019-03-22 14:32:00', '2019-03-22 14:32:00'),
    ('D002', 'ALD', 'Mutuelle B', '2020-08-15', 1500.00, 'non', 'KC', 'Observation 2', 1, '2020-08-15 09:12:00', '2020-08-15 09:12:00'),
    ('D003', 'CM24', 'Mutuelle C', '2021-11-10', 1200.00, 'oui', 'RL', 'Observation 3', 1, '2021-11-10 11:40:00', '2021-11-10 11:40:00'),
    ('D004', 'REGIME DE BASE', 'Mutuelle D', '2017-05-02', 800.00, 'non', 'KC', 'Observation 4', 1, '2017-05-02 16:25:00', '2017-05-02 16:25:00'),
    ('D005', 'AME', 'Mutuelle E', '2019-07-28', 900.00, 'oui', 'RL', 'Observation 5', 1, '2019-07-28 13:18:00', '2019-07-28 13:18:00'),
    ('D006', 'BDD', 'Mutuelle F', '2021-04-12', 1300.00, 'non', 'KC', 'Observation 6', 1, '2021-04-12 10:55:00', '2021-04-12 10:55:00'),
    ('D007', 'C2S', 'Mutuelle G', '2022-09-04', 1100.00, 'oui', 'RL', 'Observation 7', 1, '2022-09-04 17:35:00', '2022-09-04 17:35:00'),
    ('D008', 'ALD', 'Mutuelle H', '2020-12-16', 1400.00, 'non', 'KC', 'Observation 8', 1, '2020-12-16 14:45:00', '2020-12-16 14:45:00'),
    ('D009', 'CM24', 'Mutuelle I', '2018-01-22', 950.00, 'oui', 'RL', 'Observation 9', 1, '2018-01-22 08:30:00', '2018-01-22 08:30:00'),
    ('D010', 'REGIME DE BASE', 'Mutuelle J', '2023-05-17', 1000.00, 'non', 'KC', 'Observation 10', 1, '2023-05-17 12:10:00', '2023-05-17 12:10:00'),
    ('D011', 'AME', 'Mutuelle K', '2021-02-27', 1250.00, 'oui', 'RL', 'Observation 11', 1, '2021-02-27 15:50:00', '2021-02-27 15:50:00'),
    ('D012', 'BDD', 'Mutuelle L', '2017-08-01', 1350.00, 'non', 'KC', 'Observation 12', 1, '2017-08-01 10:00:00', '2017-08-01 10:00:00'),
    ('D013', 'C2S', 'Mutuelle M', '2022-06-30', 950.00, 'oui', 'RL', 'Observation 13', 1, '2022-06-30 13:20:00', '2022-06-30 13:20:00'),
    ('D014', 'ALD', 'Mutuelle N', '2020-09-12', 1050.00, 'non', 'KC', 'Observation 14', 1, '2020-09-12 11:00:00', '2020-09-12 11:00:00'),
    ('D015', 'CM24', 'Mutuelle O', '2018-11-15', 1000.00, 'oui', 'RL', 'Observation 15', 1, '2018-11-15 17:05:00', '2018-11-15 17:05:00'),
    ('D016', 'REGIME DE BASE', 'Mutuelle P', '2021-03-08', 1100.00, 'non', 'KC', 'Observation 16', 1, '2021-03-08 14:50:00', '2021-03-08 14:50:00'),
    ('D017', 'AME', 'Mutuelle Q', '2020-07-18', 1200.00, 'oui', 'RL', 'Observation 17', 1, '2020-07-18 10:20:00', '2020-07-18 10:20:00'),
    ('D018', 'BDD', 'Mutuelle R', '2019-10-14', 950.00, 'non', 'KC', 'Observation 18', 1, '2019-10-14 15:45:00', '2019-10-14 15:45:00'),
    ('D019', 'C2S', 'Mutuelle S', '2022-02-08', 1300.00, 'oui', 'RL', 'Observation 19', 1, '2022-02-08 18:30:00', '2022-02-08 18:30:00'),
    ('D020', 'ALD', 'Mutuelle T', '2018-04-25', 1400.00, 'non', 'KC', 'Observation 20', 1, '2018-04-25 11:25:00', '2018-04-25 11:25:00'),
    ('D021', 'CM24', 'Mutuelle U', '2020-01-09', 900.00, 'oui', 'RL', 'Observation 21', 1, '2020-01-09 14:10:00', '2020-01-09 14:10:00'),
    ('D022', 'REGIME DE BASE', 'Mutuelle V', '2017-09-30', 1050.00, 'non', 'KC', 'Observation 22', 1, '2017-09-30 10:00:00', '2017-09-30 10:00:00'),
    ('D023', 'AME', 'Mutuelle W', '2022-11-18', 1200.00, 'oui', 'RL', 'Observation 23', 1, '2022-11-18 17:40:00', '2022-11-18 17:40:00'),
    ('D024', 'BDD', 'Mutuelle X', '2019-06-06', 1350.00, 'non', 'KC', 'Observation 24', 1, '2019-06-06 09:50:00', '2019-06-06 09:50:00'),
    ('D025', 'C2S', 'Mutuelle Y', '2021-01-14', 950.00, 'oui', 'RL', 'Observation 25', 1, '2021-01-14 13:10:00', '2021-01-14 13:10:00'),
    ('D026', 'ALD', 'Mutuelle Z', '2019-02-03', 1100.00, 'non', 'KC', 'Observation 26', 1, '2019-02-03 12:30:00', '2019-02-03 12:30:00'),
    ('D027', 'CM24', 'Mutuelle A', '2022-05-21', 1250.00, 'oui', 'RL', 'Observation 27', 1, '2022-05-21 10:00:00', '2022-05-21 10:00:00'),
    ('D028', 'REGIME DE BASE', 'Mutuelle B', '2023-06-08', 1150.00, 'non', 'KC', 'Observation 28', 1, '2023-06-08 11:00:00', '2023-06-08 11:00:00'),
    ('D029', 'AME', 'Mutuelle C', '2021-10-27', 1300.00, 'oui', 'RL', 'Observation 29', 1, '2021-10-27 15:00:00', '2021-10-27 15:00:00'),
    ('D030', 'BDD', 'Mutuelle D', '2023-08-19', 950.00, 'non', 'KC', 'Observation 30', 1, '2023-08-19 14:40:00', '2023-08-19 14:40:00'),
    ('D031', 'C2S', 'Mutuelle E', '2019-05-15', 1100.00, 'oui', 'RL', 'Observation 31', 1, '2019-05-15', '2019-05-15'),
    ('D032', 'ALD', 'Mutuelle F', '2020-03-12', 1200.00, 'non', 'KC', 'Observation 32', 1, '2020-03-12', '2020-03-12'),
    ('D033', 'CM24', 'Mutuelle G', '2018-09-24', 1000.00, 'oui', 'RL', 'Observation 33', 1, '2018-09-24', '2018-09-24'),
    ('D034', 'REGIME DE BASE', 'Mutuelle H', '2021-07-10', 1150.00, 'non', 'KC', 'Observation 34', 1, '2021-07-10', '2021-07-10'),
    ('D035', 'AME', 'Mutuelle I', '2023-11-11', 1250.00, 'oui', 'RL', 'Observation 35', 1, '2023-11-11', '2023-11-11'),
    ('D036', 'BDD', 'Mutuelle J', '2022-01-09', 1300.00, 'non', 'KC', 'Observation 36', 1, '2022-01-09', '2022-01-09'),
    ('D037', 'C2S', 'Mutuelle K', '2021-04-18', 1100.00, 'oui', 'RL', 'Observation 37', 1, '2021-04-18', '2021-04-18'),
    ('D038', 'ALD', 'Mutuelle L', '2024-06-23', 1200.00, 'non', 'KC', 'Observation 38', 1, '2024-06-23', '2024-06-23'),
    ('D039', 'CM24', 'Mutuelle M', '2023-02-05', 950.00, 'oui', 'RL', 'Observation 39', 1, '2023-02-05', '2023-02-05'),
    ('D040', 'REGIME DE BASE', 'Mutuelle N', '2021-09-13', 1000.00, 'non', 'KC', 'Observation 40', 1, '2021-09-13', '2021-09-13'),
    ('D041', 'AME', 'Mutuelle O', '2022-12-01', 1050.00, 'oui', 'RL', 'Observation 41', 1, '2022-12-01', '2022-12-01'),
    ('D042', 'BDD', 'Mutuelle P', '2019-10-30', 1250.00, 'non', 'KC', 'Observation 42', 1, '2019-10-30', '2019-10-30'),
    ('D043', 'C2S', 'Mutuelle Q', '2021-03-16', 1300.00, 'oui', 'RL', 'Observation 43', 1, '2021-03-16', '2021-03-16'),
    ('D044', 'ALD', 'Mutuelle R', '2022-05-08', 1100.00, 'non', 'KC', 'Observation 44', 1, '2022-05-08', '2022-05-08'),
    ('D045', 'CM24', 'Mutuelle S', '2023-01-23', 1000.00, 'oui', 'RL', 'Observation 45', 1, '2023-01-23', '2023-01-23'),
    ('D046', 'REGIME DE BASE', 'Mutuelle T', '2024-02-17', 1150.00, 'non', 'KC', 'Observation 46', 1, '2024-02-17', '2024-02-17'),
    ('D047', 'AME', 'Mutuelle U', '2021-08-20', 1250.00, 'oui', 'RL', 'Observation 47', 1, '2021-08-20', '2021-08-20'),
    ('D048', 'BDD', 'Mutuelle V', '2022-10-04', 1300.00, 'non', 'KC', 'Observation 48', 1, '2022-10-04', '2022-10-04'),
    ('D049', 'C2S', 'Mutuelle W', '2018-03-15', 950.00, 'oui', 'RL', 'Observation 49', 1, '2018-03-15', '2018-03-15'),
    ('D050', 'ALD', 'Mutuelle X', '2019-06-22', 1000.00, 'non', 'KC', 'Observation 50', 1, '2019-06-22', '2019-06-22'),
    ('D051', 'CM24', 'Mutuelle Y', '2023-04-10', 1050.00, 'oui', 'RL', 'Observation 51', 1, '2023-04-10', '2023-04-10'),
    ('D052', 'REGIME DE BASE', 'Mutuelle Z', '2020-12-17', 1150.00, 'non', 'KC', 'Observation 52', 1, '2020-12-17', '2020-12-17'),
    ('D053', 'AME', 'Mutuelle A', '2022-07-06', 1200.00, 'oui', 'RL', 'Observation 53', 1, '2022-07-06', '2022-07-06'),
    ('D054', 'BDD', 'Mutuelle B', '2024-01-28', 950.00, 'non', 'KC', 'Observation 54', 1, '2024-01-28', '2024-01-28'),
    ('D055', 'C2S', 'Mutuelle C', '2021-02-13', 1000.00, 'oui', 'RL', 'Observation 55', 1, '2021-02-13', '2021-02-13'),
    ('D056', 'ALD', 'Mutuelle D', '2023-09-18', 1200.00, 'non', 'KC', 'Observation 56', 1, '2023-09-18', '2023-09-18'),
    ('D057', 'CM24', 'Mutuelle E', '2020-11-25', 950.00, 'oui', 'RL', 'Observation 57', 1, '2020-11-25', '2020-11-25'),
    ('D058', 'REGIME DE BASE', 'Mutuelle F', '2021-07-30', 1000.00, 'non', 'KC', 'Observation 58', 1, '2021-07-30', '2021-07-30'),
    ('D059', 'AME', 'Mutuelle G', '2024-04-22', 1300.00, 'oui', 'RL', 'Observation 59', 1, '2024-04-22', '2024-04-22'),
    ('D060', 'BDD', 'Mutuelle H', '2020-10-17', 1350.00, 'non', 'KC', 'Observation 60', 1, '2020-10-17', '2020-10-17'),
    ('D061', 'C2S', 'Mutuelle I', '2023-07-14', 1100.00, 'oui', 'RL', 'Observation 61', 1, '2023-07-14', '2023-07-14'),
    ('D062', 'ALD', 'Mutuelle J', '2019-08-27', 1050.00, 'non', 'KC', 'Observation 62', 1, '2019-08-27', '2019-08-27'),
    ('D063', 'CM24', 'Mutuelle K', '2022-11-03', 1300.00, 'oui', 'RL', 'Observation 63', 1, '2022-11-03', '2022-11-03'),
    ('D064', 'REGIME DE BASE', 'Mutuelle L', '2020-04-04', 1000.00, 'non', 'KC', 'Observation 64', 1, '2020-04-04', '2020-04-04'),
    ('D065', 'AME', 'Mutuelle M', '2023-06-30', 1050.00, 'oui', 'RL', 'Observation 65', 1, '2023-06-30', '2023-06-30'),
    ('D066', 'BDD', 'Mutuelle N', '2022-02-25', 1100.00, 'non', 'KC', 'Observation 66', 1, '2022-02-25', '2022-02-25'),
    ('D067', 'C2S', 'Mutuelle O', '2020-08-12', 1150.00, 'oui', 'RL', 'Observation 67', 1, '2020-08-12', '2020-08-12'),
    ('D068', 'ALD', 'Mutuelle P', '2018-11-09', 1300.00, 'non', 'KC', 'Observation 68', 1, '2018-11-09', '2018-11-09'),
    ('D069', 'CM24', 'Mutuelle Q', '2023-05-07', 1200.00, 'oui', 'RL', 'Observation 69', 1, '2023-05-07', '2023-05-07'),
    ('D070', 'REGIME DE BASE', 'Mutuelle R', '2021-06-18', 950.00, 'non', 'KC', 'Observation 70', 1, '2021-06-18', '2021-06-18'),
    ('D071', 'AME', 'Mutuelle S', '2020-09-03', 1000.00, 'oui', 'RL', 'Observation 71', 1, '2020-09-03', '2020-09-03'),
    ('D072', 'BDD', 'Mutuelle T', '2022-05-22', 1050.00, 'non', 'KC', 'Observation 72', 1, '2022-05-22', '2022-05-22'),
    ('D073', 'C2S', 'Mutuelle U', '2019-12-16', 1300.00, 'oui', 'RL', 'Observation 73', 1, '2019-12-16', '2019-12-16'),
    ('D074', 'ALD', 'Mutuelle V', '2021-01-27', 1100.00, 'non', 'KC', 'Observation 74', 1, '2021-01-27', '2021-01-27'),
    ('D075', 'CM24', 'Mutuelle W', '2023-03-25', 1250.00, 'oui', 'RL', 'Observation 75', 1, '2023-03-25', '2023-03-25'),
    ('D076', 'REGIME DE BASE', 'Mutuelle X', '2020-05-04', 1350.00, 'non', 'KC', 'Observation 76', 1, '2020-05-04', '2020-05-04'),
    ('D077', 'AME', 'Mutuelle Y', '2019-04-21', 950.00, 'oui', 'RL', 'Observation 77', 1, '2019-04-21', '2019-04-21'),
    ('D078', 'BDD', 'Mutuelle Z', '2023-10-02', 1000.00, 'non', 'KC', 'Observation 78', 1, '2023-10-02', '2023-10-02'),
    ('D079', 'C2S', 'Mutuelle A', '2021-11-29', 1100.00, 'oui', 'RL', 'Observation 79', 1, '2021-11-29', '2021-11-29'),
    ('D080', 'ALD', 'Mutuelle B', '2022-04-11', 1200.00, 'non', 'KC', 'Observation 80', 1, '2022-04-11', '2022-04-11'),
    ('D081', 'CM24', 'Mutuelle C', '2018-12-23', 1000.00, 'oui', 'RL', 'Observation 81', 1, '2018-12-23', '2018-12-23'),
    ('D082', 'REGIME DE BASE', 'Mutuelle D', '2020-02-01', 950.00, 'non', 'KC', 'Observation 82', 1, '2020-02-01', '2020-02-01'),
    ('D083', 'AME', 'Mutuelle E', '2021-06-28', 1050.00, 'oui', 'RL', 'Observation 83', 1, '2021-06-28', '2021-06-28'),
    ('D084', 'BDD', 'Mutuelle F', '2022-03-06', 1100.00, 'non', 'KC', 'Observation 84', 1, '2022-03-06', '2022-03-06'),
    ('D085', 'C2S', 'Mutuelle G', '2023-01-02', 1200.00, 'oui', 'RL', 'Observation 85', 1, '2023-01-02', '2023-01-02'),
    ('D086', 'ALD', 'Mutuelle H', '2022-07-19', 1250.00, 'non', 'KC', 'Observation 86', 1, '2022-07-19', '2022-07-19'),
    ('D087', 'CM24', 'Mutuelle I', '2021-02-20', 950.00, 'oui', 'RL', 'Observation 87', 1, '2021-02-20', '2021-02-20'),
    ('D088', 'REGIME DE BASE', 'Mutuelle J', '2024-08-30', 1300.00, 'non', 'KC', 'Observation 88', 1, '2024-08-30', '2024-08-30'),
    ('D089', 'AME', 'Mutuelle K', '2023-09-14', 1050.00, 'oui', 'RL', 'Observation 89', 1, '2023-09-14', '2023-09-14'),
    ('D090', 'BDD', 'Mutuelle L', '2021-04-02', 1200.00, 'non', 'KC', 'Observation 90', 1, '2021-04-02', '2021-04-02'),
    ('D091', 'C2S', 'Mutuelle M', '2020-12-04', 1250.00, 'oui', 'RL', 'Observation 91', 1, '2020-12-04', '2020-12-04'),
    ('D092', 'ALD', 'Mutuelle N', '2019-05-09', 1000.00, 'non', 'KC', 'Observation 92', 1, '2019-05-09', '2019-05-09'),
    ('D093', 'CM24', 'Mutuelle O', '2024-07-17', 1100.00, 'oui', 'RL', 'Observation 93', 1, '2024-07-17', '2024-07-17'),
    ('D094', 'REGIME DE BASE', 'Mutuelle P', '2023-05-29', 950.00, 'non', 'KC', 'Observation 94', 1, '2023-05-29', '2023-05-29'),
    ('D095', 'AME', 'Mutuelle Q', '2022-01-14', 1300.00, 'oui', 'RL', 'Observation 95', 1, '2022-01-14', '2022-01-14'),
    ('D096', 'BDD', 'Mutuelle R', '2019-11-13', 1150.00, 'non', 'KC', 'Observation 96', 1, '2019-11-13', '2019-11-13'),
    ('D097', 'C2S', 'Mutuelle S', '2021-12-22', 1000.00, 'oui', 'RL', 'Observation 97', 1, '2021-12-22', '2021-12-22'),
    ('D098', 'ALD', 'Mutuelle T', '2023-08-18', 1050.00, 'non', 'KC', 'Observation 98', 1, '2023-08-18', '2023-08-18'),
    ('D099', 'CM24', 'Mutuelle U', '2024-01-10', 1100.00, 'oui', 'RL', 'Observation 99', 1, '2024-01-10', '2024-01-10'),
    ('D100', 'REGIME DE BASE', 'Mutuelle V', '2022-09-17', 950.00, 'non', 'KC', 'Observation 100', 1, '2022-09-17', '2022-09-17');



